{
  "monsters": [
    {
      "id": 1,
      "name": "Goblin",
      "description": "Goblins are small, black-hearted humanoids that lair in despoiled dungeons and other dismal settings. Individually weak, they gather in large numbers to torment other creatures.",
      "ac": "15",
      "hp": "7",
      "cr": "0.5",
      "type": "Humanoid"
    },
    {
      "id": 2,
      "name": "Red Dragon Wyrmling",
      "description": "The odor of sulfur and pumice surrounds a red dragon, whose swept-back horns and spinal frill define its silhouette. Its beaked snout vents smoke at all times, and its eyes dance with flame when it is angry.",
      "ac": "17",
      "hp": "75",
      "cr": "4",
      "type": "Dragon"
    },
    {
      "id": 3,
      "name": "Cloud Giant",
      "description": "Cloud giants live extravagant lives high above the world, showing little concern for the plights of other races except as amusement. They are muscular with light skin and have hair of silver or blue.",
      "ac": "14",
      "hp": "200",
      "cr": "9",
      "type": "Giant"
    },
    {
      "id": 4,
      "name": "Phase Spider",
      "description": "A phase Spider possesses the magical ability to phase in and out of the Ethereal Plane. It seems to appear out of nowhere and quickly vanishes after attacking. Its Movement on the Ethereal Plane before coming back to The Material Plane makes it seem like it can Teleport.",
      "ac": "13",
      "hp": "32",
      "cr": "3",
      "type": "Large monstrosity"
    },
    {
      "id": 5,
      "name": "Giggle Pig",
      "description": "A pig that giggles if you are more than 5' from it",
      "ac": "27",
      "hp": "1",
      "cr": "70",
      "type": "Beast"
    }
  ],
  "campaigns": [
    {
      "id": "1",
      "name": "Sword Coast Adventures",
      "description": "First campaign with Jake, Felix, Alex and Matt. Set in the Sword Coast with characters Raskas, Alan (Stealth Killer), Sherlock and Polydeuces.",
      "npcs": [
        {
          "id": "1",
          "name": "Gundren Rockseeker"
        }
      ]
    },
    {
      "id": "2",
      "name": "Jungles of Chult",
      "description": "Jakes game with Kepesk @Stuart, Thea @Alex, Glee @Felix and Hazrah @Matt."
    },
    {
      "id": "3",
      "name": "Curse of Strahd",
      "description": ""
    },
    {
      "id": "4",
      "name": "Storm Kings Thunder",
      "description": ""
    },
    {
      "name": "adsasd",
      "description": "asfdasgfafsdfgfa as fasd asdf gfd dfgh sdgh",
      "id": "e4qL95d"
    },
    {
      "name": "asd asdasdasd as",
      "description": "dsf dfg fdhjfghjfd gsdhgf dfghjdfhgfs h",
      "id": "6ku1IlQ"
    },
    {
      "name": "asda sdasd",
      "description": "asfdg gfdhdfgh sdgsfdgh dfgh fdh",
      "id": "1dpS3Vk"
    },
    {
      "name": "asd asd",
      "description": "f fdsa gsdfg ",
      "id": "GsvyyLG"
    },
    {
      "name": "fdhgdfhg jk",
      "description": "hgjk i76y gff",
      "id": "lhNT1rV"
    },
    {
      "name": "iuyy ty tytr",
      "description": "6578900i uerty",
      "id": "uUIYnt5"
    }
  ],
  "adventures": [
    {
      "id": "1",
      "campaign": "1",
      "name": "Goblin Arrows",
      "description": "The party are waylaid on the road to Phandalin and discover their employer has been kidnapped."
    },
    {
      "id": "2",
      "campaign": "1",
      "name": "Redbrands in Town",
      "description": "Things in town are not all well. The can discover that the bad guys are linked to the the kidnapping of Gundren."
    },
    {
      "id": "3",
      "campaign": "1",
      "name": "Spiders Web",
      "description": "The party explore the local area and try to find clues as to the whereabouts of Gundren and the Black Spider."
    },
    {
      "id": "4",
      "campaign": "2",
      "name": "Island - Street Brawl",
      "description": "The party get attacked by some street thugs"
    }
  ],
  "encounters": [
    {
      "id": "1",
      "campaign": "1",
      "adventure": "1",
      "name": "Ambush on the Tribor Trail",
      "description": "The party are waylaid on the road to Phandalin by a goblin ambush."
    },
    {
      "id": "2",
      "campaign": "1",
      "adventure": "1",
      "name": "Cave entrance",
      "description": "The goblin cave entrance has another ambush."
    },
    {
      "id": "3",
      "campaign": "1",
      "adventure": "1",
      "name": "Wolf lair",
      "description": "Wolves are chained up in this cave. They can be pacified or are likely to break free and attack."
    }
  ]
}